/Users/norman/Desktop/recordings/IMG/center_2017_04_15_15_38_46_192.jpg,/Users/norman/Desktop/recordings/IMG/left_2017_04_15_15_38_46_192.jpg,/Users/norman/Desktop/recordings/IMG/right_2017_04_15_15_38_46_192.jpg,0,0,0,5.182284E-05
/Users/norman/Desktop/recordings/IMG/center_2017_04_15_15_38_46_259.jpg,/Users/norman/Desktop/recordings/IMG/left_2017_04_15_15_38_46_259.jpg,/Users/norman/Desktop/recordings/IMG/right_2017_04_15_15_38_46_259.jpg,0,0,0,5.191609E-05
/Users/norman/Desktop/recordings/IMG/center_2017_04_15_15_38_46_327.jpg,/Users/norman/Desktop/recordings/IMG/left_2017_04_15_15_38_46_327.jpg,/Users/norman/Desktop/recordings/IMG/right_2017_04_15_15_38_46_327.jpg,0,0,0,5.184741E-05
/Users/norman/Desktop/recordings/IMG/center_2017_04_15_15_38_46_411.jpg,/Users/norman/Desktop/recordings/IMG/left_2017_04_15_15_38_46_411.jpg,/Users/norman/Desktop/recordings/IMG/right_2017_04_15_15_38_46_411.jpg,0,0,0,5.204088E-05
/Users/norman/Desktop/recordings/IMG/center_2017_04_15_15_38_46_480.jpg,/Users/norman/Desktop/recordings/IMG/left_2017_04_15_15_38_46_480.jpg,/Users/norman/Desktop/recordings/IMG/right_2017_04_15_15_38_46_480.jpg,0,0,0,5.232289E-05
/Users/norman/Desktop/recordings/IMG/center_2017_04_15_15_38_46_559.jpg,/Users/norman/Desktop/recordings/IMG/left_2017_04_15_15_38_46_559.jpg,/Users/norman/Desktop/recordings/IMG/right_2017_04_15_15_38_46_559.jpg,0,0,0,5.325467E-05
/Users/norman/Desktop/recordings/IMG/center_2017_04_15_15_38_46_633.jpg,/Users/norman/Desktop/recordings/IMG/left_2017_04_15_15_38_46_633.jpg,/Users/norman/Desktop/recordings/IMG/right_2017_04_15_15_38_46_633.jpg,0,0,0,5.19152E-05
/Users/norman/Desktop/recordings/IMG/center_2017_04_15_15_38_46_712.jpg,/Users/norman/Desktop/recordings/IMG/left_2017_04_15_15_38_46_712.jpg,/Users/norman/Desktop/recordings/IMG/right_2017_04_15_15_38_46_712.jpg,0,0,0,5.20566E-05
/Users/norman/Desktop/recordings/IMG/center_2017_04_15_15_38_46_779.jpg,/Users/norman/Desktop/recordings/IMG/left_2017_04_15_15_38_46_779.jpg,/Users/norman/Desktop/recordings/IMG/right_2017_04_15_15_38_46_779.jpg,0,0,0,5.215957E-05
/Users/norman/Desktop/recordings/IMG/center_2017_04_15_15_38_46_859.jpg,/Users/norman/Desktop/recordings/IMG/left_2017_04_15_15_38_46_859.jpg,/Users/norman/Desktop/recordings/IMG/right_2017_04_15_15_38_46_859.jpg,0,0,0,5.196241E-05
/Users/norman/Desktop/recordings/IMG/center_2017_04_15_15_38_46_926.jpg,/Users/norman/Desktop/recordings/IMG/left_2017_04_15_15_38_46_926.jpg,/Users/norman/Desktop/recordings/IMG/right_2017_04_15_15_38_46_926.jpg,0,0,0,5.239531E-05
/Users/norman/Desktop/recordings/IMG/center_2017_04_15_15_38_46_999.jpg,/Users/norman/Desktop/recordings/IMG/left_2017_04_15_15_38_46_999.jpg,/Users/norman/Desktop/recordings/IMG/right_2017_04_15_15_38_46_999.jpg,0,0,0,5.209279E-05
/Users/norman/Desktop/recordings/IMG/center_2017_04_15_15_38_47_077.jpg,/Users/norman/Desktop/recordings/IMG/left_2017_04_15_15_38_47_077.jpg,/Users/norman/Desktop/recordings/IMG/right_2017_04_15_15_38_47_077.jpg,-0.002757353,0,0,5.196722E-05
/Users/norman/Desktop/recordings/IMG/center_2017_04_15_15_38_47_144.jpg,/Users/norman/Desktop/recordings/IMG/left_2017_04_15_15_38_47_144.jpg,/Users/norman/Desktop/recordings/IMG/right_2017_04_15_15_38_47_144.jpg,-0.002757353,0,0,5.193759E-05
/Users/norman/Desktop/recordings/IMG/center_2017_04_15_15_38_47_214.jpg,/Users/norman/Desktop/recordings/IMG/left_2017_04_15_15_38_47_214.jpg,/Users/norman/Desktop/recordings/IMG/right_2017_04_15_15_38_47_214.jpg,-0.002757353,0,0,5.372963E-05
/Users/norman/Desktop/recordings/IMG/center_2017_04_15_15_38_47_282.jpg,/Users/norman/Desktop/recordings/IMG/left_2017_04_15_15_38_47_282.jpg,/Users/norman/Desktop/recordings/IMG/right_2017_04_15_15_38_47_282.jpg,-0.002757353,0.115014,0,0.04183117
/Users/norman/Desktop/recordings/IMG/center_2017_04_15_15_38_47_355.jpg,/Users/norman/Desktop/recordings/IMG/left_2017_04_15_15_38_47_355.jpg,/Users/norman/Desktop/recordings/IMG/right_2017_04_15_15_38_47_355.jpg,-0.02056526,0.3606691,0,0.2933154
/Users/norman/Desktop/recordings/IMG/center_2017_04_15_15_38_47_425.jpg,/Users/norman/Desktop/recordings/IMG/left_2017_04_15_15_38_47_425.jpg,/Users/norman/Desktop/recordings/IMG/right_2017_04_15_15_38_47_425.jpg,-0.05425092,0.5422681,0,0.6203689
/Users/norman/Desktop/recordings/IMG/center_2017_04_15_15_38_47_495.jpg,/Users/norman/Desktop/recordings/IMG/left_2017_04_15_15_38_47_495.jpg,/Users/norman/Desktop/recordings/IMG/right_2017_04_15_15_38_47_495.jpg,-0.05742187,0.7824901,0,1.287162
/Users/norman/Desktop/recordings/IMG/center_2017_04_15_15_38_47_578.jpg,/Users/norman/Desktop/recordings/IMG/left_2017_04_15_15_38_47_578.jpg,/Users/norman/Desktop/recordings/IMG/right_2017_04_15_15_38_47_578.jpg,-0.05946691,1,0,2.171542
/Users/norman/Desktop/recordings/IMG/center_2017_04_15_15_38_47_659.jpg,/Users/norman/Desktop/recordings/IMG/left_2017_04_15_15_38_47_659.jpg,/Users/norman/Desktop/recordings/IMG/right_2017_04_15_15_38_47_659.jpg,-0.06433824,1,0,3.116345
/Users/norman/Desktop/recordings/IMG/center_2017_04_15_15_38_47_727.jpg,/Users/norman/Desktop/recordings/IMG/left_2017_04_15_15_38_47_727.jpg,/Users/norman/Desktop/recordings/IMG/right_2017_04_15_15_38_47_727.jpg,-0.06753217,1,0,3.81951
/Users/norman/Desktop/recordings/IMG/center_2017_04_15_15_38_47_800.jpg,/Users/norman/Desktop/recordings/IMG/left_2017_04_15_15_38_47_800.jpg,/Users/norman/Desktop/recordings/IMG/right_2017_04_15_15_38_47_800.jpg,-0.06753217,1,0,4.755854
/Users/norman/Desktop/recordings/IMG/center_2017_04_15_15_38_47_868.jpg,/Users/norman/Desktop/recordings/IMG/left_2017_04_15_15_38_47_868.jpg,/Users/norman/Desktop/recordings/IMG/right_2017_04_15_15_38_47_868.jpg,-0.06753217,1,0,5.4526
/Users/norman/Desktop/recordings/IMG/center_2017_04_15_15_38_47_937.jpg,/Users/norman/Desktop/recordings/IMG/left_2017_04_15_15_38_47_937.jpg,/Users/norman/Desktop/recordings/IMG/right_2017_04_15_15_38_47_937.jpg,-0.06753217,1,0,6.375388
/Users/norman/Desktop/recordings/IMG/center_2017_04_15_15_38_48_005.jpg,/Users/norman/Desktop/recordings/IMG/left_2017_04_15_15_38_48_005.jpg,/Users/norman/Desktop/recordings/IMG/right_2017_04_15_15_38_48_005.jpg,-0.06753217,1,0,7.062807
/Users/norman/Desktop/recordings/IMG/center_2017_04_15_15_38_48_073.jpg,/Users/norman/Desktop/recordings/IMG/left_2017_04_15_15_38_48_073.jpg,/Users/norman/Desktop/recordings/IMG/right_2017_04_15_15_38_48_073.jpg,-0.06960019,1,0,7.973164
/Users/norman/Desktop/recordings/IMG/center_2017_04_15_15_38_48_140.jpg,/Users/norman/Desktop/recordings/IMG/left_2017_04_15_15_38_48_140.jpg,/Users/norman/Desktop/recordings/IMG/right_2017_04_15_15_38_48_140.jpg,-0.09528951,1,0,8.650954
/Users/norman/Desktop/recordings/IMG/center_2017_04_15_15_38_48_207.jpg,/Users/norman/Desktop/recordings/IMG/left_2017_04_15_15_38_48_207.jpg,/Users/norman/Desktop/recordings/IMG/right_2017_04_15_15_38_48_207.jpg,-0.1116039,1,0,9.323112
/Users/norman/Desktop/recordings/IMG/center_2017_04_15_15_38_48_275.jpg,/Users/norman/Desktop/recordings/IMG/left_2017_04_15_15_38_48_275.jpg,/Users/norman/Desktop/recordings/IMG/right_2017_04_15_15_38_48_275.jpg,-0.1373621,1,0,10.21301
/Users/norman/Desktop/recordings/IMG/center_2017_04_15_15_38_48_342.jpg,/Users/norman/Desktop/recordings/IMG/left_2017_04_15_15_38_48_342.jpg,/Users/norman/Desktop/recordings/IMG/right_2017_04_15_15_38_48_342.jpg,-0.1691176,1,0,10.87486
/Users/norman/Desktop/recordings/IMG/center_2017_04_15_15_38_48_413.jpg,/Users/norman/Desktop/recordings/IMG/left_2017_04_15_15_38_48_413.jpg,/Users/norman/Desktop/recordings/IMG/right_2017_04_15_15_38_48_413.jpg,-0.193773,1,0,11.58629
/Users/norman/Desktop/recordings/IMG/center_2017_04_15_15_38_48_480.jpg,/Users/norman/Desktop/recordings/IMG/left_2017_04_15_15_38_48_480.jpg,/Users/norman/Desktop/recordings/IMG/right_2017_04_15_15_38_48_480.jpg,-0.1985524,1,0,12.4454
/Users/norman/Desktop/recordings/IMG/center_2017_04_15_15_38_48_547.jpg,/Users/norman/Desktop/recordings/IMG/left_2017_04_15_15_38_48_547.jpg,/Users/norman/Desktop/recordings/IMG/right_2017_04_15_15_38_48_547.jpg,0,1,0,13.07449
/Users/norman/Desktop/recordings/IMG/center_2017_04_15_15_38_48_616.jpg,/Users/norman/Desktop/recordings/IMG/left_2017_04_15_15_38_48_616.jpg,/Users/norman/Desktop/recordings/IMG/right_2017_04_15_15_38_48_616.jpg,0,1,0,13.82461
/Users/norman/Desktop/recordings/IMG/center_2017_04_15_15_38_48_693.jpg,/Users/norman/Desktop/recordings/IMG/left_2017_04_15_15_38_48_693.jpg,/Users/norman/Desktop/recordings/IMG/right_2017_04_15_15_38_48_693.jpg,0,1,0,14.68411
/Users/norman/Desktop/recordings/IMG/center_2017_04_15_15_38_48_764.jpg,/Users/norman/Desktop/recordings/IMG/left_2017_04_15_15_38_48_764.jpg,/Users/norman/Desktop/recordings/IMG/right_2017_04_15_15_38_48_764.jpg,0,1,0,15.43987
/Users/norman/Desktop/recordings/IMG/center_2017_04_15_15_38_48_835.jpg,/Users/norman/Desktop/recordings/IMG/left_2017_04_15_15_38_48_835.jpg,/Users/norman/Desktop/recordings/IMG/right_2017_04_15_15_38_48_835.jpg,-0.01863511,1,0,16.26916
/Users/norman/Desktop/recordings/IMG/center_2017_04_15_15_38_48_904.jpg,/Users/norman/Desktop/recordings/IMG/left_2017_04_15_15_38_48_904.jpg,/Users/norman/Desktop/recordings/IMG/right_2017_04_15_15_38_48_904.jpg,-0.0328125,1,0,16.84775
/Users/norman/Desktop/recordings/IMG/center_2017_04_15_15_38_48_972.jpg,/Users/norman/Desktop/recordings/IMG/left_2017_04_15_15_38_48_972.jpg,/Users/norman/Desktop/recordings/IMG/right_2017_04_15_15_38_48_972.jpg,-0.09340534,1,0,17.69139
/Users/norman/Desktop/recordings/IMG/center_2017_04_15_15_38_49_040.jpg,/Users/norman/Desktop/recordings/IMG/left_2017_04_15_15_38_49_040.jpg,/Users/norman/Desktop/recordings/IMG/right_2017_04_15_15_38_49_040.jpg,-0.1511489,1,0,18.31505
/Users/norman/Desktop/recordings/IMG/center_2017_04_15_15_38_49_131.jpg,/Users/norman/Desktop/recordings/IMG/left_2017_04_15_15_38_49_131.jpg,/Users/norman/Desktop/recordings/IMG/right_2017_04_15_15_38_49_131.jpg,-0.1652803,1,0,19.33027
/Users/norman/Desktop/recordings/IMG/center_2017_04_15_15_38_49_199.jpg,/Users/norman/Desktop/recordings/IMG/left_2017_04_15_15_38_49_199.jpg,/Users/norman/Desktop/recordings/IMG/right_2017_04_15_15_38_49_199.jpg,-0.2040901,1,0,19.93468
/Users/norman/Desktop/recordings/IMG/center_2017_04_15_15_38_49_271.jpg,/Users/norman/Desktop/recordings/IMG/left_2017_04_15_15_38_49_271.jpg,/Users/norman/Desktop/recordings/IMG/right_2017_04_15_15_38_49_271.jpg,-0.2977252,1,0,20.71997
/Users/norman/Desktop/recordings/IMG/center_2017_04_15_15_38_49_342.jpg,/Users/norman/Desktop/recordings/IMG/left_2017_04_15_15_38_49_342.jpg,/Users/norman/Desktop/recordings/IMG/right_2017_04_15_15_38_49_342.jpg,-0.2987592,1,0,21.3042
/Users/norman/Desktop/recordings/IMG/center_2017_04_15_15_38_49_409.jpg,/Users/norman/Desktop/recordings/IMG/left_2017_04_15_15_38_49_409.jpg,/Users/norman/Desktop/recordings/IMG/right_2017_04_15_15_38_49_409.jpg,-0.3014476,1,0,21.89617
/Users/norman/Desktop/recordings/IMG/center_2017_04_15_15_38_49_480.jpg,/Users/norman/Desktop/recordings/IMG/left_2017_04_15_15_38_49_480.jpg,/Users/norman/Desktop/recordings/IMG/right_2017_04_15_15_38_49_480.jpg,-0.3415671,1,0,22.66966
/Users/norman/Desktop/recordings/IMG/center_2017_04_15_15_38_49_555.jpg,/Users/norman/Desktop/recordings/IMG/left_2017_04_15_15_38_49_555.jpg,/Users/norman/Desktop/recordings/IMG/right_2017_04_15_15_38_49_555.jpg,-0.3426011,1,0,23.43774
/Users/norman/Desktop/recordings/IMG/center_2017_04_15_15_38_49_629.jpg,/Users/norman/Desktop/recordings/IMG/left_2017_04_15_15_38_49_629.jpg,/Users/norman/Desktop/recordings/IMG/right_2017_04_15_15_38_49_629.jpg,-0.3426011,1,0,24.01
/Users/norman/Desktop/recordings/IMG/center_2017_04_15_15_38_49_710.jpg,/Users/norman/Desktop/recordings/IMG/left_2017_04_15_15_38_49_710.jpg,/Users/norman/Desktop/recordings/IMG/right_2017_04_15_15_38_49_710.jpg,-0.3426011,1,0,24.77694
/Users/norman/Desktop/recordings/IMG/center_2017_04_15_15_38_49_783.jpg,/Users/norman/Desktop/recordings/IMG/left_2017_04_15_15_38_49_783.jpg,/Users/norman/Desktop/recordings/IMG/right_2017_04_15_15_38_49_783.jpg,-0.3426011,1,0,25.53893
/Users/norman/Desktop/recordings/IMG/center_2017_04_15_15_38_49_856.jpg,/Users/norman/Desktop/recordings/IMG/left_2017_04_15_15_38_49_856.jpg,/Users/norman/Desktop/recordings/IMG/right_2017_04_15_15_38_49_856.jpg,-0.3426011,1,0,26.29295
/Users/norman/Desktop/recordings/IMG/center_2017_04_15_15_38_49_929.jpg,/Users/norman/Desktop/recordings/IMG/left_2017_04_15_15_38_49_929.jpg,/Users/norman/Desktop/recordings/IMG/right_2017_04_15_15_38_49_929.jpg,-0.3426011,1,0,26.85531
/Users/norman/Desktop/recordings/IMG/center_2017_04_15_15_38_50_013.jpg,/Users/norman/Desktop/recordings/IMG/left_2017_04_15_15_38_50_013.jpg,/Users/norman/Desktop/recordings/IMG/right_2017_04_15_15_38_50_013.jpg,-0.3246783,1,0,27.78874
/Users/norman/Desktop/recordings/IMG/center_2017_04_15_15_38_50_080.jpg,/Users/norman/Desktop/recordings/IMG/left_2017_04_15_15_38_50_080.jpg,/Users/norman/Desktop/recordings/IMG/right_2017_04_15_15_38_50_080.jpg,-0.276057,1,0,28.34908
/Users/norman/Desktop/recordings/IMG/center_2017_04_15_15_38_50_148.jpg,/Users/norman/Desktop/recordings/IMG/left_2017_04_15_15_38_50_148.jpg,/Users/norman/Desktop/recordings/IMG/right_2017_04_15_15_38_50_148.jpg,-0.2428768,1,0,28.9105
/Users/norman/Desktop/recordings/IMG/center_2017_04_15_15_38_50_234.jpg,/Users/norman/Desktop/recordings/IMG/left_2017_04_15_15_38_50_234.jpg,/Users/norman/Desktop/recordings/IMG/right_2017_04_15_15_38_50_234.jpg,-0.1757583,1,0,29.83974
/Users/norman/Desktop/recordings/IMG/center_2017_04_15_15_38_50_304.jpg,/Users/norman/Desktop/recordings/IMG/left_2017_04_15_15_38_50_304.jpg,/Users/norman/Desktop/recordings/IMG/right_2017_04_15_15_38_50_304.jpg,-0.07378217,1,0,30.19377
/Users/norman/Desktop/recordings/IMG/center_2017_04_15_15_38_50_379.jpg,/Users/norman/Desktop/recordings/IMG/left_2017_04_15_15_38_50_379.jpg,/Users/norman/Desktop/recordings/IMG/right_2017_04_15_15_38_50_379.jpg,-0.05009191,1,0,30.19181
/Users/norman/Desktop/recordings/IMG/center_2017_04_15_15_38_50_458.jpg,/Users/norman/Desktop/recordings/IMG/left_2017_04_15_15_38_50_458.jpg,/Users/norman/Desktop/recordings/IMG/right_2017_04_15_15_38_50_458.jpg,-0.04680607,1,0,30.19389
/Users/norman/Desktop/recordings/IMG/center_2017_04_15_15_38_50_531.jpg,/Users/norman/Desktop/recordings/IMG/left_2017_04_15_15_38_50_531.jpg,/Users/norman/Desktop/recordings/IMG/right_2017_04_15_15_38_50_531.jpg,-0.03276654,1,0,30.1908
/Users/norman/Desktop/recordings/IMG/center_2017_04_15_15_38_50_601.jpg,/Users/norman/Desktop/recordings/IMG/left_2017_04_15_15_38_50_601.jpg,/Users/norman/Desktop/recordings/IMG/right_2017_04_15_15_38_50_601.jpg,-0.03228401,1,0,30.19065
/Users/norman/Desktop/recordings/IMG/center_2017_04_15_15_38_50_676.jpg,/Users/norman/Desktop/recordings/IMG/left_2017_04_15_15_38_50_676.jpg,/Users/norman/Desktop/recordings/IMG/right_2017_04_15_15_38_50_676.jpg,-0.03228401,1,0,30.19182
/Users/norman/Desktop/recordings/IMG/center_2017_04_15_15_38_50_743.jpg,/Users/norman/Desktop/recordings/IMG/left_2017_04_15_15_38_50_743.jpg,/Users/norman/Desktop/recordings/IMG/right_2017_04_15_15_38_50_743.jpg,-0.03228401,0.8415131,0,30.15795
/Users/norman/Desktop/recordings/IMG/center_2017_04_15_15_38_50_825.jpg,/Users/norman/Desktop/recordings/IMG/left_2017_04_15_15_38_50_825.jpg,/Users/norman/Desktop/recordings/IMG/right_2017_04_15_15_38_50_825.jpg,-0.03228401,0.5662031,0,30.104
/Users/norman/Desktop/recordings/IMG/center_2017_04_15_15_38_50_902.jpg,/Users/norman/Desktop/recordings/IMG/left_2017_04_15_15_38_50_902.jpg,/Users/norman/Desktop/recordings/IMG/right_2017_04_15_15_38_50_902.jpg,-0.0481158,0.335119,0,30.03996
/Users/norman/Desktop/recordings/IMG/center_2017_04_15_15_38_50_975.jpg,/Users/norman/Desktop/recordings/IMG/left_2017_04_15_15_38_50_975.jpg,/Users/norman/Desktop/recordings/IMG/right_2017_04_15_15_38_50_975.jpg,-0.05188419,0.1149581,0,29.96671
/Users/norman/Desktop/recordings/IMG/center_2017_04_15_15_38_51_042.jpg,/Users/norman/Desktop/recordings/IMG/left_2017_04_15_15_38_51_042.jpg,/Users/norman/Desktop/recordings/IMG/right_2017_04_15_15_38_51_042.jpg,-0.05188419,0,0,29.81942
/Users/norman/Desktop/recordings/IMG/center_2017_04_15_15_38_51_114.jpg,/Users/norman/Desktop/recordings/IMG/left_2017_04_15_15_38_51_114.jpg,/Users/norman/Desktop/recordings/IMG/right_2017_04_15_15_38_51_114.jpg,-0.05188419,0,0,29.5801
/Users/norman/Desktop/recordings/IMG/center_2017_04_15_15_38_51_194.jpg,/Users/norman/Desktop/recordings/IMG/left_2017_04_15_15_38_51_194.jpg,/Users/norman/Desktop/recordings/IMG/right_2017_04_15_15_38_51_194.jpg,-0.05188419,0,0,29.34184
/Users/norman/Desktop/recordings/IMG/center_2017_04_15_15_38_51_263.jpg,/Users/norman/Desktop/recordings/IMG/left_2017_04_15_15_38_51_263.jpg,/Users/norman/Desktop/recordings/IMG/right_2017_04_15_15_38_51_263.jpg,-0.05188419,0,0,29.16448
/Users/norman/Desktop/recordings/IMG/center_2017_04_15_15_38_51_332.jpg,/Users/norman/Desktop/recordings/IMG/left_2017_04_15_15_38_51_332.jpg,/Users/norman/Desktop/recordings/IMG/right_2017_04_15_15_38_51_332.jpg,-0.05188419,0,0,28.9297
/Users/norman/Desktop/recordings/IMG/center_2017_04_15_15_38_51_400.jpg,/Users/norman/Desktop/recordings/IMG/left_2017_04_15_15_38_51_400.jpg,/Users/norman/Desktop/recordings/IMG/right_2017_04_15_15_38_51_400.jpg,-0.05188419,0,0,28.7548
/Users/norman/Desktop/recordings/IMG/center_2017_04_15_15_38_51_471.jpg,/Users/norman/Desktop/recordings/IMG/left_2017_04_15_15_38_51_471.jpg,/Users/norman/Desktop/recordings/IMG/right_2017_04_15_15_38_51_471.jpg,-0.05188419,0,0,28.52329
/Users/norman/Desktop/recordings/IMG/center_2017_04_15_15_38_51_541.jpg,/Users/norman/Desktop/recordings/IMG/left_2017_04_15_15_38_51_541.jpg,/Users/norman/Desktop/recordings/IMG/right_2017_04_15_15_38_51_541.jpg,-0.05140166,0,0,28.35093
/Users/norman/Desktop/recordings/IMG/center_2017_04_15_15_38_51_609.jpg,/Users/norman/Desktop/recordings/IMG/left_2017_04_15_15_38_51_609.jpg,/Users/norman/Desktop/recordings/IMG/right_2017_04_15_15_38_51_609.jpg,-0.04283088,0,0,28.17982
/Users/norman/Desktop/recordings/IMG/center_2017_04_15_15_38_51_685.jpg,/Users/norman/Desktop/recordings/IMG/left_2017_04_15_15_38_51_685.jpg,/Users/norman/Desktop/recordings/IMG/right_2017_04_15_15_38_51_685.jpg,-0.02876838,0,0,27.95351
/Users/norman/Desktop/recordings/IMG/center_2017_04_15_15_38_51_755.jpg,/Users/norman/Desktop/recordings/IMG/left_2017_04_15_15_38_51_755.jpg,/Users/norman/Desktop/recordings/IMG/right_2017_04_15_15_38_51_755.jpg,-0.02828585,0,0,27.72892
/Users/norman/Desktop/recordings/IMG/center_2017_04_15_15_38_51_827.jpg,/Users/norman/Desktop/recordings/IMG/left_2017_04_15_15_38_51_827.jpg,/Users/norman/Desktop/recordings/IMG/right_2017_04_15_15_38_51_827.jpg,-0.02828585,0,0,27.5616
/Users/norman/Desktop/recordings/IMG/center_2017_04_15_15_38_51_898.jpg,/Users/norman/Desktop/recordings/IMG/left_2017_04_15_15_38_51_898.jpg,/Users/norman/Desktop/recordings/IMG/right_2017_04_15_15_38_51_898.jpg,-0.02828585,0,0,27.34003
/Users/norman/Desktop/recordings/IMG/center_2017_04_15_15_38_51_967.jpg,/Users/norman/Desktop/recordings/IMG/left_2017_04_15_15_38_51_967.jpg,/Users/norman/Desktop/recordings/IMG/right_2017_04_15_15_38_51_967.jpg,-0.02828585,0,0,27.175
/Users/norman/Desktop/recordings/IMG/center_2017_04_15_15_38_52_041.jpg,/Users/norman/Desktop/recordings/IMG/left_2017_04_15_15_38_52_041.jpg,/Users/norman/Desktop/recordings/IMG/right_2017_04_15_15_38_52_041.jpg,-0.02828585,0,0,26.95642
/Users/norman/Desktop/recordings/IMG/center_2017_04_15_15_38_52_108.jpg,/Users/norman/Desktop/recordings/IMG/left_2017_04_15_15_38_52_108.jpg,/Users/norman/Desktop/recordings/IMG/right_2017_04_15_15_38_52_108.jpg,-0.02828585,0,0,26.79368
/Users/norman/Desktop/recordings/IMG/center_2017_04_15_15_38_52_176.jpg,/Users/norman/Desktop/recordings/IMG/left_2017_04_15_15_38_52_176.jpg,/Users/norman/Desktop/recordings/IMG/right_2017_04_15_15_38_52_176.jpg,-0.02828585,0,0.2530171,25.62317
/Users/norman/Desktop/recordings/IMG/center_2017_04_15_15_38_52_246.jpg,/Users/norman/Desktop/recordings/IMG/left_2017_04_15_15_38_52_246.jpg,/Users/norman/Desktop/recordings/IMG/right_2017_04_15_15_38_52_246.jpg,-0.02828585,0,0.4265941,24.58623
/Users/norman/Desktop/recordings/IMG/center_2017_04_15_15_38_52_316.jpg,/Users/norman/Desktop/recordings/IMG/left_2017_04_15_15_38_52_316.jpg,/Users/norman/Desktop/recordings/IMG/right_2017_04_15_15_38_52_316.jpg,-0.02828585,0,0.6591389,23.21786
/Users/norman/Desktop/recordings/IMG/center_2017_04_15_15_38_52_394.jpg,/Users/norman/Desktop/recordings/IMG/left_2017_04_15_15_38_52_394.jpg,/Users/norman/Desktop/recordings/IMG/right_2017_04_15_15_38_52_394.jpg,-0.02828585,0,0.9088351,21.8658
/Users/norman/Desktop/recordings/IMG/center_2017_04_15_15_38_52_462.jpg,/Users/norman/Desktop/recordings/IMG/left_2017_04_15_15_38_52_462.jpg,/Users/norman/Desktop/recordings/IMG/right_2017_04_15_15_38_52_462.jpg,-0.02828585,0,1,20.86217
/Users/norman/Desktop/recordings/IMG/center_2017_04_15_15_38_52_545.jpg,/Users/norman/Desktop/recordings/IMG/left_2017_04_15_15_38_52_545.jpg,/Users/norman/Desktop/recordings/IMG/right_2017_04_15_15_38_52_545.jpg,-0.02828585,0,1,19.53766
/Users/norman/Desktop/recordings/IMG/center_2017_04_15_15_38_52_634.jpg,/Users/norman/Desktop/recordings/IMG/left_2017_04_15_15_38_52_634.jpg,/Users/norman/Desktop/recordings/IMG/right_2017_04_15_15_38_52_634.jpg,-0.02828585,0,1,17.90338
/Users/norman/Desktop/recordings/IMG/center_2017_04_15_15_38_52_707.jpg,/Users/norman/Desktop/recordings/IMG/left_2017_04_15_15_38_52_707.jpg,/Users/norman/Desktop/recordings/IMG/right_2017_04_15_15_38_52_707.jpg,-0.02828585,0,1,16.934
/Users/norman/Desktop/recordings/IMG/center_2017_04_15_15_38_52_780.jpg,/Users/norman/Desktop/recordings/IMG/left_2017_04_15_15_38_52_780.jpg,/Users/norman/Desktop/recordings/IMG/right_2017_04_15_15_38_52_780.jpg,-0.02828585,0,1,15.65439
/Users/norman/Desktop/recordings/IMG/center_2017_04_15_15_38_52_854.jpg,/Users/norman/Desktop/recordings/IMG/left_2017_04_15_15_38_52_854.jpg,/Users/norman/Desktop/recordings/IMG/right_2017_04_15_15_38_52_854.jpg,-0.02828585,0,1,14.38931
/Users/norman/Desktop/recordings/IMG/center_2017_04_15_15_38_52_928.jpg,/Users/norman/Desktop/recordings/IMG/left_2017_04_15_15_38_52_928.jpg,/Users/norman/Desktop/recordings/IMG/right_2017_04_15_15_38_52_928.jpg,-0.02828585,0,1,13.44996
/Users/norman/Desktop/recordings/IMG/center_2017_04_15_15_38_52_997.jpg,/Users/norman/Desktop/recordings/IMG/left_2017_04_15_15_38_52_997.jpg,/Users/norman/Desktop/recordings/IMG/right_2017_04_15_15_38_52_997.jpg,-0.02828585,0,1,12.20996
/Users/norman/Desktop/recordings/IMG/center_2017_04_15_15_38_53_065.jpg,/Users/norman/Desktop/recordings/IMG/left_2017_04_15_15_38_53_065.jpg,/Users/norman/Desktop/recordings/IMG/right_2017_04_15_15_38_53_065.jpg,-0.02828585,0,1,11.28925
/Users/norman/Desktop/recordings/IMG/center_2017_04_15_15_38_53_135.jpg,/Users/norman/Desktop/recordings/IMG/left_2017_04_15_15_38_53_135.jpg,/Users/norman/Desktop/recordings/IMG/right_2017_04_15_15_38_53_135.jpg,-0.02828585,0,1,10.08986
/Users/norman/Desktop/recordings/IMG/center_2017_04_15_15_38_53_205.jpg,/Users/norman/Desktop/recordings/IMG/left_2017_04_15_15_38_53_205.jpg,/Users/norman/Desktop/recordings/IMG/right_2017_04_15_15_38_53_205.jpg,-0.02828585,0,1,9.174095
/Users/norman/Desktop/recordings/IMG/center_2017_04_15_15_38_53_276.jpg,/Users/norman/Desktop/recordings/IMG/left_2017_04_15_15_38_53_276.jpg,/Users/norman/Desktop/recordings/IMG/right_2017_04_15_15_38_53_276.jpg,-0.02828585,0,0.867391,7.976537
/Users/norman/Desktop/recordings/IMG/center_2017_04_15_15_38_53_362.jpg,/Users/norman/Desktop/recordings/IMG/left_2017_04_15_15_38_53_362.jpg,/Users/norman/Desktop/recordings/IMG/right_2017_04_15_15_38_53_362.jpg,-0.02828585,0,0.5920691,6.798536
/Users/norman/Desktop/recordings/IMG/center_2017_04_15_15_38_53_436.jpg,/Users/norman/Desktop/recordings/IMG/left_2017_04_15_15_38_53_436.jpg,/Users/norman/Desktop/recordings/IMG/right_2017_04_15_15_38_53_436.jpg,-0.05209099,0,0.3700719,5.635332
/Users/norman/Desktop/recordings/IMG/center_2017_04_15_15_38_53_505.jpg,/Users/norman/Desktop/recordings/IMG/left_2017_04_15_15_38_53_505.jpg,/Users/norman/Desktop/recordings/IMG/right_2017_04_15_15_38_53_505.jpg,-0.05360754,0,0.169069,4.771555
/Users/norman/Desktop/recordings/IMG/center_2017_04_15_15_38_53_579.jpg,/Users/norman/Desktop/recordings/IMG/left_2017_04_15_15_38_53_579.jpg,/Users/norman/Desktop/recordings/IMG/right_2017_04_15_15_38_53_579.jpg,-0.05360754,0,0,4.540774
/Users/norman/Desktop/recordings/IMG/center_2017_04_15_15_38_53_647.jpg,/Users/norman/Desktop/recordings/IMG/left_2017_04_15_15_38_53_647.jpg,/Users/norman/Desktop/recordings/IMG/right_2017_04_15_15_38_53_647.jpg,-0.05360754,0,0,4.513352
/Users/norman/Desktop/recordings/IMG/center_2017_04_15_15_38_53_725.jpg,/Users/norman/Desktop/recordings/IMG/left_2017_04_15_15_38_53_725.jpg,/Users/norman/Desktop/recordings/IMG/right_2017_04_15_15_38_53_725.jpg,0,0,0,4.476753
/Users/norman/Desktop/recordings/IMG/center_2017_04_15_15_38_53_795.jpg,/Users/norman/Desktop/recordings/IMG/left_2017_04_15_15_38_53_795.jpg,/Users/norman/Desktop/recordings/IMG/right_2017_04_15_15_38_53_795.jpg,0,0,0,4.440752
/Users/norman/Desktop/recordings/IMG/center_2017_04_15_15_38_53_867.jpg,/Users/norman/Desktop/recordings/IMG/left_2017_04_15_15_38_53_867.jpg,/Users/norman/Desktop/recordings/IMG/right_2017_04_15_15_38_53_867.jpg,0,0,0,4.41396
/Users/norman/Desktop/recordings/IMG/center_2017_04_15_15_38_53_961.jpg,/Users/norman/Desktop/recordings/IMG/left_2017_04_15_15_38_53_961.jpg,/Users/norman/Desktop/recordings/IMG/right_2017_04_15_15_38_53_961.jpg,0,0,0,3.552709
/Users/norman/Desktop/recordings/IMG/center_2017_04_15_15_39_14_268.jpg,/Users/norman/Desktop/recordings/IMG/left_2017_04_15_15_39_14_268.jpg,/Users/norman/Desktop/recordings/IMG/right_2017_04_15_15_39_14_268.jpg,-0.2907858,0,0,4.32273
/Users/norman/Desktop/recordings/IMG/center_2017_04_15_15_39_14_340.jpg,/Users/norman/Desktop/recordings/IMG/left_2017_04_15_15_39_14_340.jpg,/Users/norman/Desktop/recordings/IMG/right_2017_04_15_15_39_14_340.jpg,-0.2860983,0,0,4.289746
/Users/norman/Desktop/recordings/IMG/center_2017_04_15_15_39_14_417.jpg,/Users/norman/Desktop/recordings/IMG/left_2017_04_15_15_39_14_417.jpg,/Users/norman/Desktop/recordings/IMG/right_2017_04_15_15_39_14_417.jpg,-0.2860983,0,0,4.256796
/Users/norman/Desktop/recordings/IMG/center_2017_04_15_15_39_14_491.jpg,/Users/norman/Desktop/recordings/IMG/left_2017_04_15_15_39_14_491.jpg,/Users/norman/Desktop/recordings/IMG/right_2017_04_15_15_39_14_491.jpg,-0.2688189,0,0,4.224606
/Users/norman/Desktop/recordings/IMG/center_2017_04_15_15_39_14_564.jpg,/Users/norman/Desktop/recordings/IMG/left_2017_04_15_15_39_14_564.jpg,/Users/norman/Desktop/recordings/IMG/right_2017_04_15_15_39_14_564.jpg,-0.21358,0,0,4.201607
/Users/norman/Desktop/recordings/IMG/center_2017_04_15_15_39_14_631.jpg,/Users/norman/Desktop/recordings/IMG/left_2017_04_15_15_39_14_631.jpg,/Users/norman/Desktop/recordings/IMG/right_2017_04_15_15_39_14_631.jpg,-0.2041131,0,0,4.170245
/Users/norman/Desktop/recordings/IMG/center_2017_04_15_15_39_14_701.jpg,/Users/norman/Desktop/recordings/IMG/left_2017_04_15_15_39_14_701.jpg,/Users/norman/Desktop/recordings/IMG/right_2017_04_15_15_39_14_701.jpg,-0.198966,0,0,4.146476
/Users/norman/Desktop/recordings/IMG/center_2017_04_15_15_39_14_781.jpg,/Users/norman/Desktop/recordings/IMG/left_2017_04_15_15_39_14_781.jpg,/Users/norman/Desktop/recordings/IMG/right_2017_04_15_15_39_14_781.jpg,-0.1879366,0.1161631,0,4.147768
/Users/norman/Desktop/recordings/IMG/center_2017_04_15_15_39_14_857.jpg,/Users/norman/Desktop/recordings/IMG/left_2017_04_15_15_39_14_857.jpg,/Users/norman/Desktop/recordings/IMG/right_2017_04_15_15_39_14_857.jpg,-0.1860064,0.3440191,0,4.350672
/Users/norman/Desktop/recordings/IMG/center_2017_04_15_15_39_14_926.jpg,/Users/norman/Desktop/recordings/IMG/left_2017_04_15_15_39_14_926.jpg,/Users/norman/Desktop/recordings/IMG/right_2017_04_15_15_39_14_926.jpg,-0.1855239,0.5112661,0,4.655726
/Users/norman/Desktop/recordings/IMG/center_2017_04_15_15_39_15_000.jpg,/Users/norman/Desktop/recordings/IMG/left_2017_04_15_15_39_15_000.jpg,/Users/norman/Desktop/recordings/IMG/right_2017_04_15_15_39_15_000.jpg,-0.1850414,0.775155,0,5.265045
/Users/norman/Desktop/recordings/IMG/center_2017_04_15_15_39_15_068.jpg,/Users/norman/Desktop/recordings/IMG/left_2017_04_15_15_39_15_068.jpg,/Users/norman/Desktop/recordings/IMG/right_2017_04_15_15_39_15_068.jpg,-0.1850414,0.925635,0,5.874393
/Users/norman/Desktop/recordings/IMG/center_2017_04_15_15_39_15_150.jpg,/Users/norman/Desktop/recordings/IMG/left_2017_04_15_15_39_15_150.jpg,/Users/norman/Desktop/recordings/IMG/right_2017_04_15_15_39_15_150.jpg,-0.1845588,1,0,6.790101
/Users/norman/Desktop/recordings/IMG/center_2017_04_15_15_39_15_222.jpg,/Users/norman/Desktop/recordings/IMG/left_2017_04_15_15_39_15_222.jpg,/Users/norman/Desktop/recordings/IMG/right_2017_04_15_15_39_15_222.jpg,-0.1845588,1,0,7.703113
/Users/norman/Desktop/recordings/IMG/center_2017_04_15_15_39_15_289.jpg,/Users/norman/Desktop/recordings/IMG/left_2017_04_15_15_39_15_289.jpg,/Users/norman/Desktop/recordings/IMG/right_2017_04_15_15_39_15_289.jpg,-0.1845588,0.924634,0,8.361256
/Users/norman/Desktop/recordings/IMG/center_2017_04_15_15_39_15_357.jpg,/Users/norman/Desktop/recordings/IMG/left_2017_04_15_15_39_15_357.jpg,/Users/norman/Desktop/recordings/IMG/right_2017_04_15_15_39_15_357.jpg,-0.1866268,0.6803021,0,9.053089
/Users/norman/Desktop/recordings/IMG/center_2017_04_15_15_39_15_426.jpg,/Users/norman/Desktop/recordings/IMG/left_2017_04_15_15_39_15_426.jpg,/Users/norman/Desktop/recordings/IMG/right_2017_04_15_15_39_15_426.jpg,-0.1866268,0.473242,0,9.414159
/Users/norman/Desktop/recordings/IMG/center_2017_04_15_15_39_15_495.jpg,/Users/norman/Desktop/recordings/IMG/left_2017_04_15_15_39_15_495.jpg,/Users/norman/Desktop/recordings/IMG/right_2017_04_15_15_39_15_495.jpg,-0.1810202,0.251266,0,9.661848
/Users/norman/Desktop/recordings/IMG/center_2017_04_15_15_39_15_574.jpg,/Users/norman/Desktop/recordings/IMG/left_2017_04_15_15_39_15_574.jpg,/Users/norman/Desktop/recordings/IMG/right_2017_04_15_15_39_15_574.jpg,-0.164591,0.01462311,0,9.706531
/Users/norman/Desktop/recordings/IMG/center_2017_04_15_15_39_15_658.jpg,/Users/norman/Desktop/recordings/IMG/left_2017_04_15_15_39_15_658.jpg,/Users/norman/Desktop/recordings/IMG/right_2017_04_15_15_39_15_658.jpg,-0.1641085,0,0,9.63271
/Users/norman/Desktop/recordings/IMG/center_2017_04_15_15_39_15_727.jpg,/Users/norman/Desktop/recordings/IMG/left_2017_04_15_15_39_15_727.jpg,/Users/norman/Desktop/recordings/IMG/right_2017_04_15_15_39_15_727.jpg,-0.1641085,0,0,9.57676
/Users/norman/Desktop/recordings/IMG/center_2017_04_15_15_39_15_799.jpg,/Users/norman/Desktop/recordings/IMG/left_2017_04_15_15_39_15_799.jpg,/Users/norman/Desktop/recordings/IMG/right_2017_04_15_15_39_15_799.jpg,-0.1636259,0,0,9.502698
/Users/norman/Desktop/recordings/IMG/center_2017_04_15_15_39_15_866.jpg,/Users/norman/Desktop/recordings/IMG/left_2017_04_15_15_39_15_866.jpg,/Users/norman/Desktop/recordings/IMG/right_2017_04_15_15_39_15_866.jpg,-0.1631434,0,0,9.447596
/Users/norman/Desktop/recordings/IMG/center_2017_04_15_15_39_15_936.jpg,/Users/norman/Desktop/recordings/IMG/left_2017_04_15_15_39_15_936.jpg,/Users/norman/Desktop/recordings/IMG/right_2017_04_15_15_39_15_936.jpg,-0.1532399,0,0,9.374178
/Users/norman/Desktop/recordings/IMG/center_2017_04_15_15_39_16_013.jpg,/Users/norman/Desktop/recordings/IMG/left_2017_04_15_15_39_16_013.jpg,/Users/norman/Desktop/recordings/IMG/right_2017_04_15_15_39_16_013.jpg,-0.1115349,0,0,9.301114
/Users/norman/Desktop/recordings/IMG/center_2017_04_15_15_39_16_081.jpg,/Users/norman/Desktop/recordings/IMG/left_2017_04_15_15_39_16_081.jpg,/Users/norman/Desktop/recordings/IMG/right_2017_04_15_15_39_16_081.jpg,-0.1070083,0,0,9.246258
/Users/norman/Desktop/recordings/IMG/center_2017_04_15_15_39_16_159.jpg,/Users/norman/Desktop/recordings/IMG/left_2017_04_15_15_39_16_159.jpg,/Users/norman/Desktop/recordings/IMG/right_2017_04_15_15_39_16_159.jpg,-0.08766085,0,0,9.173607
/Users/norman/Desktop/recordings/IMG/center_2017_04_15_15_39_16_238.jpg,/Users/norman/Desktop/recordings/IMG/left_2017_04_15_15_39_16_238.jpg,/Users/norman/Desktop/recordings/IMG/right_2017_04_15_15_39_16_238.jpg,-0.0807215,0,0,9.101531
/Users/norman/Desktop/recordings/IMG/center_2017_04_15_15_39_16_305.jpg,/Users/norman/Desktop/recordings/IMG/left_2017_04_15_15_39_16_305.jpg,/Users/norman/Desktop/recordings/IMG/right_2017_04_15_15_39_16_305.jpg,-0.0807215,0,0,9.047713
/Users/norman/Desktop/recordings/IMG/center_2017_04_15_15_39_16_384.jpg,/Users/norman/Desktop/recordings/IMG/left_2017_04_15_15_39_16_384.jpg,/Users/norman/Desktop/recordings/IMG/right_2017_04_15_15_39_16_384.jpg,-0.07971048,0,0,8.976389
/Users/norman/Desktop/recordings/IMG/center_2017_04_15_15_39_16_452.jpg,/Users/norman/Desktop/recordings/IMG/left_2017_04_15_15_39_16_452.jpg,/Users/norman/Desktop/recordings/IMG/right_2017_04_15_15_39_16_452.jpg,-0.07729779,0,0,8.905667
/Users/norman/Desktop/recordings/IMG/center_2017_04_15_15_39_16_525.jpg,/Users/norman/Desktop/recordings/IMG/left_2017_04_15_15_39_16_525.jpg,/Users/norman/Desktop/recordings/IMG/right_2017_04_15_15_39_16_525.jpg,-0.06403952,0,0,8.853102
/Users/norman/Desktop/recordings/IMG/center_2017_04_15_15_39_16_594.jpg,/Users/norman/Desktop/recordings/IMG/left_2017_04_15_15_39_16_594.jpg,/Users/norman/Desktop/recordings/IMG/right_2017_04_15_15_39_16_594.jpg,-0.05089614,0,0,8.782409
/Users/norman/Desktop/recordings/IMG/center_2017_04_15_15_39_16_676.jpg,/Users/norman/Desktop/recordings/IMG/left_2017_04_15_15_39_16_676.jpg,/Users/norman/Desktop/recordings/IMG/right_2017_04_15_15_39_16_676.jpg,-0.03920037,0,0,8.711966
/Users/norman/Desktop/recordings/IMG/center_2017_04_15_15_39_16_745.jpg,/Users/norman/Desktop/recordings/IMG/left_2017_04_15_15_39_16_745.jpg,/Users/norman/Desktop/recordings/IMG/right_2017_04_15_15_39_16_745.jpg,-0.01470588,0,0,8.659372
/Users/norman/Desktop/recordings/IMG/center_2017_04_15_15_39_16_815.jpg,/Users/norman/Desktop/recordings/IMG/left_2017_04_15_15_39_16_815.jpg,/Users/norman/Desktop/recordings/IMG/right_2017_04_15_15_39_16_815.jpg,-0.007238051,0,0,8.589532
/Users/norman/Desktop/recordings/IMG/center_2017_04_15_15_39_16_884.jpg,/Users/norman/Desktop/recordings/IMG/left_2017_04_15_15_39_16_884.jpg,/Users/norman/Desktop/recordings/IMG/right_2017_04_15_15_39_16_884.jpg,0.004526654,0,0,8.537606
/Users/norman/Desktop/recordings/IMG/center_2017_04_15_15_39_16_955.jpg,/Users/norman/Desktop/recordings/IMG/left_2017_04_15_15_39_16_955.jpg,/Users/norman/Desktop/recordings/IMG/right_2017_04_15_15_39_16_955.jpg,0.007651655,0,0,8.468921
/Users/norman/Desktop/recordings/IMG/center_2017_04_15_15_39_17_029.jpg,/Users/norman/Desktop/recordings/IMG/left_2017_04_15_15_39_17_029.jpg,/Users/norman/Desktop/recordings/IMG/right_2017_04_15_15_39_17_029.jpg,0.008134191,0,0,8.417807
/Users/norman/Desktop/recordings/IMG/center_2017_04_15_15_39_17_112.jpg,/Users/norman/Desktop/recordings/IMG/left_2017_04_15_15_39_17_112.jpg,/Users/norman/Desktop/recordings/IMG/right_2017_04_15_15_39_17_112.jpg,0.008134191,0,0,8.333315
/Users/norman/Desktop/recordings/IMG/center_2017_04_15_15_39_17_186.jpg,/Users/norman/Desktop/recordings/IMG/left_2017_04_15_15_39_17_186.jpg,/Users/norman/Desktop/recordings/IMG/right_2017_04_15_15_39_17_186.jpg,0.008616728,0,0,8.283031
/Users/norman/Desktop/recordings/IMG/center_2017_04_15_15_39_17_255.jpg,/Users/norman/Desktop/recordings/IMG/left_2017_04_15_15_39_17_255.jpg,/Users/norman/Desktop/recordings/IMG/right_2017_04_15_15_39_17_255.jpg,0.009581801,0,0,8.216455
/Users/norman/Desktop/recordings/IMG/center_2017_04_15_15_39_17_325.jpg,/Users/norman/Desktop/recordings/IMG/left_2017_04_15_15_39_17_325.jpg,/Users/norman/Desktop/recordings/IMG/right_2017_04_15_15_39_17_325.jpg,0.01006434,0,0,8.166875
/Users/norman/Desktop/recordings/IMG/center_2017_04_15_15_39_17_399.jpg,/Users/norman/Desktop/recordings/IMG/left_2017_04_15_15_39_17_399.jpg,/Users/norman/Desktop/recordings/IMG/right_2017_04_15_15_39_17_399.jpg,0.01006434,0,0,8.101237
/Users/norman/Desktop/recordings/IMG/center_2017_04_15_15_39_17_468.jpg,/Users/norman/Desktop/recordings/IMG/left_2017_04_15_15_39_17_468.jpg,/Users/norman/Desktop/recordings/IMG/right_2017_04_15_15_39_17_468.jpg,0.01006434,0,0,8.052355
/Users/norman/Desktop/recordings/IMG/center_2017_04_15_15_39_17_539.jpg,/Users/norman/Desktop/recordings/IMG/left_2017_04_15_15_39_17_539.jpg,/Users/norman/Desktop/recordings/IMG/right_2017_04_15_15_39_17_539.jpg,0.01006434,0,0,7.987638
/Users/norman/Desktop/recordings/IMG/center_2017_04_15_15_39_17_608.jpg,/Users/norman/Desktop/recordings/IMG/left_2017_04_15_15_39_17_608.jpg,/Users/norman/Desktop/recordings/IMG/right_2017_04_15_15_39_17_608.jpg,0.01006434,0,0,7.939442
/Users/norman/Desktop/recordings/IMG/center_2017_04_15_15_39_17_677.jpg,/Users/norman/Desktop/recordings/IMG/left_2017_04_15_15_39_17_677.jpg,/Users/norman/Desktop/recordings/IMG/right_2017_04_15_15_39_17_677.jpg,0.01006434,0,0,7.875632
/Users/norman/Desktop/recordings/IMG/center_2017_04_15_15_39_17_756.jpg,/Users/norman/Desktop/recordings/IMG/left_2017_04_15_15_39_17_756.jpg,/Users/norman/Desktop/recordings/IMG/right_2017_04_15_15_39_17_756.jpg,0.01006434,0,0,7.812335
/Users/norman/Desktop/recordings/IMG/center_2017_04_15_15_39_17_851.jpg,/Users/norman/Desktop/recordings/IMG/left_2017_04_15_15_39_17_851.jpg,/Users/norman/Desktop/recordings/IMG/right_2017_04_15_15_39_17_851.jpg,0.01006434,0,0,7.765198
/Users/norman/Desktop/recordings/IMG/center_2017_04_15_15_40_01_557.jpg,/Users/norman/Desktop/recordings/IMG/left_2017_04_15_15_40_01_557.jpg,/Users/norman/Desktop/recordings/IMG/right_2017_04_15_15_40_01_557.jpg,0,0,0,3.696317
/Users/norman/Desktop/recordings/IMG/center_2017_04_15_15_40_01_625.jpg,/Users/norman/Desktop/recordings/IMG/left_2017_04_15_15_40_01_625.jpg,/Users/norman/Desktop/recordings/IMG/right_2017_04_15_15_40_01_625.jpg,0,0,0,3.673712
/Users/norman/Desktop/recordings/IMG/center_2017_04_15_15_40_01_694.jpg,/Users/norman/Desktop/recordings/IMG/left_2017_04_15_15_40_01_694.jpg,/Users/norman/Desktop/recordings/IMG/right_2017_04_15_15_40_01_694.jpg,0,0,0,3.643784
/Users/norman/Desktop/recordings/IMG/center_2017_04_15_15_40_01_773.jpg,/Users/norman/Desktop/recordings/IMG/left_2017_04_15_15_40_01_773.jpg,/Users/norman/Desktop/recordings/IMG/right_2017_04_15_15_40_01_773.jpg,0,0,0,3.614095
/Users/norman/Desktop/recordings/IMG/center_2017_04_15_15_40_01_846.jpg,/Users/norman/Desktop/recordings/IMG/left_2017_04_15_15_40_01_846.jpg,/Users/norman/Desktop/recordings/IMG/right_2017_04_15_15_40_01_846.jpg,0,0,0,3.591986
/Users/norman/Desktop/recordings/IMG/center_2017_04_15_15_40_01_914.jpg,/Users/norman/Desktop/recordings/IMG/left_2017_04_15_15_40_01_914.jpg,/Users/norman/Desktop/recordings/IMG/right_2017_04_15_15_40_01_914.jpg,0,0,0,3.562713
/Users/norman/Desktop/recordings/IMG/center_2017_04_15_15_40_01_982.jpg,/Users/norman/Desktop/recordings/IMG/left_2017_04_15_15_40_01_982.jpg,/Users/norman/Desktop/recordings/IMG/right_2017_04_15_15_40_01_982.jpg,0,0,0,3.540914
/Users/norman/Desktop/recordings/IMG/center_2017_04_15_15_40_02_057.jpg,/Users/norman/Desktop/recordings/IMG/left_2017_04_15_15_40_02_057.jpg,/Users/norman/Desktop/recordings/IMG/right_2017_04_15_15_40_02_057.jpg,0,0,0,3.512052
/Users/norman/Desktop/recordings/IMG/center_2017_04_15_15_40_02_126.jpg,/Users/norman/Desktop/recordings/IMG/left_2017_04_15_15_40_02_126.jpg,/Users/norman/Desktop/recordings/IMG/right_2017_04_15_15_40_02_126.jpg,0.00167739,0,0,3.490561
/Users/norman/Desktop/recordings/IMG/center_2017_04_15_15_40_02_197.jpg,/Users/norman/Desktop/recordings/IMG/left_2017_04_15_15_40_02_197.jpg,/Users/norman/Desktop/recordings/IMG/right_2017_04_15_15_40_02_197.jpg,0.02582721,0,0,3.462121
/Users/norman/Desktop/recordings/IMG/center_2017_04_15_15_40_02_271.jpg,/Users/norman/Desktop/recordings/IMG/left_2017_04_15_15_40_02_271.jpg,/Users/norman/Desktop/recordings/IMG/right_2017_04_15_15_40_02_271.jpg,0.02888327,0,0,3.43397
/Users/norman/Desktop/recordings/IMG/center_2017_04_15_15_40_02_339.jpg,/Users/norman/Desktop/recordings/IMG/left_2017_04_15_15_40_02_339.jpg,/Users/norman/Desktop/recordings/IMG/right_2017_04_15_15_40_02_339.jpg,0.03081342,0.08011812,0,3.436313
/Users/norman/Desktop/recordings/IMG/center_2017_04_15_15_40_02_407.jpg,/Users/norman/Desktop/recordings/IMG/left_2017_04_15_15_40_02_407.jpg,/Users/norman/Desktop/recordings/IMG/right_2017_04_15_15_40_02_407.jpg,0.03278952,0.05875522,0,3.496477
/Users/norman/Desktop/recordings/IMG/center_2017_04_15_15_40_02_479.jpg,/Users/norman/Desktop/recordings/IMG/left_2017_04_15_15_40_02_479.jpg,/Users/norman/Desktop/recordings/IMG/right_2017_04_15_15_40_02_479.jpg,0.03327206,0,0,3.470861
/Users/norman/Desktop/recordings/IMG/center_2017_04_15_15_40_02_556.jpg,/Users/norman/Desktop/recordings/IMG/left_2017_04_15_15_40_02_556.jpg,/Users/norman/Desktop/recordings/IMG/right_2017_04_15_15_40_02_556.jpg,0.03524816,0,0,3.442713
/Users/norman/Desktop/recordings/IMG/center_2017_04_15_15_40_02_624.jpg,/Users/norman/Desktop/recordings/IMG/left_2017_04_15_15_40_02_624.jpg,/Users/norman/Desktop/recordings/IMG/right_2017_04_15_15_40_02_624.jpg,0.0357307,0,0,3.421763
/Users/norman/Desktop/recordings/IMG/center_2017_04_15_15_40_02_692.jpg,/Users/norman/Desktop/recordings/IMG/left_2017_04_15_15_40_02_692.jpg,/Users/norman/Desktop/recordings/IMG/right_2017_04_15_15_40_02_692.jpg,0.0408318,0,0,3.394032
/Users/norman/Desktop/recordings/IMG/center_2017_04_15_15_40_02_760.jpg,/Users/norman/Desktop/recordings/IMG/left_2017_04_15_15_40_02_760.jpg,/Users/norman/Desktop/recordings/IMG/right_2017_04_15_15_40_02_760.jpg,0.04855239,0,0,3.37338
/Users/norman/Desktop/recordings/IMG/center_2017_04_15_15_40_02_829.jpg,/Users/norman/Desktop/recordings/IMG/left_2017_04_15_15_40_02_829.jpg,/Users/norman/Desktop/recordings/IMG/right_2017_04_15_15_40_02_829.jpg,0.06045496,0.1763281,0,3.406457
/Users/norman/Desktop/recordings/IMG/center_2017_04_15_15_40_02_899.jpg,/Users/norman/Desktop/recordings/IMG/left_2017_04_15_15_40_02_899.jpg,/Users/norman/Desktop/recordings/IMG/right_2017_04_15_15_40_02_899.jpg,0.06459099,0.3674401,0,3.653693
/Users/norman/Desktop/recordings/IMG/center_2017_04_15_15_40_02_973.jpg,/Users/norman/Desktop/recordings/IMG/left_2017_04_15_15_40_02_973.jpg,/Users/norman/Desktop/recordings/IMG/right_2017_04_15_15_40_02_973.jpg,0.06507353,0.5435581,0,4.111142
/Users/norman/Desktop/recordings/IMG/center_2017_04_15_15_40_03_050.jpg,/Users/norman/Desktop/recordings/IMG/left_2017_04_15_15_40_03_050.jpg,/Users/norman/Desktop/recordings/IMG/right_2017_04_15_15_40_03_050.jpg,0.06507353,0.370935,0,4.398623
/Users/norman/Desktop/recordings/IMG/center_2017_04_15_15_40_03_122.jpg,/Users/norman/Desktop/recordings/IMG/left_2017_04_15_15_40_03_122.jpg,/Users/norman/Desktop/recordings/IMG/right_2017_04_15_15_40_03_122.jpg,0.07015166,0.1304131,0,4.573071
/Users/norman/Desktop/recordings/IMG/center_2017_04_15_15_40_03_194.jpg,/Users/norman/Desktop/recordings/IMG/left_2017_04_15_15_40_03_194.jpg,/Users/norman/Desktop/recordings/IMG/right_2017_04_15_15_40_03_194.jpg,0.07961857,0,0,4.561322
/Users/norman/Desktop/recordings/IMG/center_2017_04_15_15_40_03_268.jpg,/Users/norman/Desktop/recordings/IMG/left_2017_04_15_15_40_03_268.jpg,/Users/norman/Desktop/recordings/IMG/right_2017_04_15_15_40_03_268.jpg,0.08111212,0,0,4.533788
/Users/norman/Desktop/recordings/IMG/center_2017_04_15_15_40_03_338.jpg,/Users/norman/Desktop/recordings/IMG/left_2017_04_15_15_40_03_338.jpg,/Users/norman/Desktop/recordings/IMG/right_2017_04_15_15_40_03_338.jpg,0.08111212,0,0,4.49743
/Users/norman/Desktop/recordings/IMG/center_2017_04_15_15_40_03_407.jpg,/Users/norman/Desktop/recordings/IMG/left_2017_04_15_15_40_03_407.jpg,/Users/norman/Desktop/recordings/IMG/right_2017_04_15_15_40_03_407.jpg,0.08111212,0,0,4.470382
/Users/norman/Desktop/recordings/IMG/center_2017_04_15_15_40_03_476.jpg,/Users/norman/Desktop/recordings/IMG/left_2017_04_15_15_40_03_476.jpg,/Users/norman/Desktop/recordings/IMG/right_2017_04_15_15_40_03_476.jpg,0.08669578,0,0,4.434554
/Users/norman/Desktop/recordings/IMG/center_2017_04_15_15_40_03_557.jpg,/Users/norman/Desktop/recordings/IMG/left_2017_04_15_15_40_03_557.jpg,/Users/norman/Desktop/recordings/IMG/right_2017_04_15_15_40_03_557.jpg,0.08717832,0,0,4.399084
/Users/norman/Desktop/recordings/IMG/center_2017_04_15_15_40_03_624.jpg,/Users/norman/Desktop/recordings/IMG/left_2017_04_15_15_40_03_624.jpg,/Users/norman/Desktop/recordings/IMG/right_2017_04_15_15_40_03_624.jpg,0.08717832,0,0,4.372702
/Users/norman/Desktop/recordings/IMG/center_2017_04_15_15_40_03_695.jpg,/Users/norman/Desktop/recordings/IMG/left_2017_04_15_15_40_03_695.jpg,/Users/norman/Desktop/recordings/IMG/right_2017_04_15_15_40_03_695.jpg,0.08717832,0.105384,0,4.36792
/Users/norman/Desktop/recordings/IMG/center_2017_04_15_15_40_03_768.jpg,/Users/norman/Desktop/recordings/IMG/left_2017_04_15_15_40_03_768.jpg,/Users/norman/Desktop/recordings/IMG/right_2017_04_15_15_40_03_768.jpg,0.08717832,0.238896,0,4.486451
/Users/norman/Desktop/recordings/IMG/center_2017_04_15_15_40_03_843.jpg,/Users/norman/Desktop/recordings/IMG/left_2017_04_15_15_40_03_843.jpg,/Users/norman/Desktop/recordings/IMG/right_2017_04_15_15_40_03_843.jpg,0.08766085,0,0,4.542151
/Users/norman/Desktop/recordings/IMG/center_2017_04_15_15_40_03_913.jpg,/Users/norman/Desktop/recordings/IMG/left_2017_04_15_15_40_03_913.jpg,/Users/norman/Desktop/recordings/IMG/right_2017_04_15_15_40_03_913.jpg,0.08814339,0,0,4.505963
/Users/norman/Desktop/recordings/IMG/center_2017_04_15_15_40_03_994.jpg,/Users/norman/Desktop/recordings/IMG/left_2017_04_15_15_40_03_994.jpg,/Users/norman/Desktop/recordings/IMG/right_2017_04_15_15_40_03_994.jpg,0.08862593,0,0,4.470114
/Users/norman/Desktop/recordings/IMG/center_2017_04_15_15_40_04_079.jpg,/Users/norman/Desktop/recordings/IMG/left_2017_04_15_15_40_04_079.jpg,/Users/norman/Desktop/recordings/IMG/right_2017_04_15_15_40_04_079.jpg,0.08959099,0,0,4.434585
/Users/norman/Desktop/recordings/IMG/center_2017_04_15_15_40_04_152.jpg,/Users/norman/Desktop/recordings/IMG/left_2017_04_15_15_40_04_152.jpg,/Users/norman/Desktop/recordings/IMG/right_2017_04_15_15_40_04_152.jpg,0.09055606,0,0,4.399371
/Users/norman/Desktop/recordings/IMG/center_2017_04_15_15_40_04_238.jpg,/Users/norman/Desktop/recordings/IMG/left_2017_04_15_15_40_04_238.jpg,/Users/norman/Desktop/recordings/IMG/right_2017_04_15_15_40_04_238.jpg,0.09455423,0,0,4.364442
/Users/norman/Desktop/recordings/IMG/center_2017_04_15_15_40_04_314.jpg,/Users/norman/Desktop/recordings/IMG/left_2017_04_15_15_40_04_314.jpg,/Users/norman/Desktop/recordings/IMG/right_2017_04_15_15_40_04_314.jpg,0.09806986,0,0,4.329837
/Users/norman/Desktop/recordings/IMG/center_2017_04_15_15_40_04_391.jpg,/Users/norman/Desktop/recordings/IMG/left_2017_04_15_15_40_04_391.jpg,/Users/norman/Desktop/recordings/IMG/right_2017_04_15_15_40_04_391.jpg,0.100023,0,0,4.295557
/Users/norman/Desktop/recordings/IMG/center_2017_04_15_15_40_04_462.jpg,/Users/norman/Desktop/recordings/IMG/left_2017_04_15_15_40_04_462.jpg,/Users/norman/Desktop/recordings/IMG/right_2017_04_15_15_40_04_462.jpg,0.1009881,0,0,4.270072
/Users/norman/Desktop/recordings/IMG/center_2017_04_15_15_40_04_535.jpg,/Users/norman/Desktop/recordings/IMG/left_2017_04_15_15_40_04_535.jpg,/Users/norman/Desktop/recordings/IMG/right_2017_04_15_15_40_04_535.jpg,0.1014706,0.02259296,0,4.240857
/Users/norman/Desktop/recordings/IMG/center_2017_04_15_15_40_04_603.jpg,/Users/norman/Desktop/recordings/IMG/left_2017_04_15_15_40_04_603.jpg,/Users/norman/Desktop/recordings/IMG/right_2017_04_15_15_40_04_603.jpg,0.1014706,0.201453,0,4.316748
/Users/norman/Desktop/recordings/IMG/center_2017_04_15_15_40_04_674.jpg,/Users/norman/Desktop/recordings/IMG/left_2017_04_15_15_40_04_674.jpg,/Users/norman/Desktop/recordings/IMG/right_2017_04_15_15_40_04_674.jpg,0.1014706,0.04333198,0,4.416193
/Users/norman/Desktop/recordings/IMG/center_2017_04_15_15_40_04_744.jpg,/Users/norman/Desktop/recordings/IMG/left_2017_04_15_15_40_04_744.jpg,/Users/norman/Desktop/recordings/IMG/right_2017_04_15_15_40_04_744.jpg,0.1014706,0,0,4.391846
/Users/norman/Desktop/recordings/IMG/center_2017_04_15_15_40_04_815.jpg,/Users/norman/Desktop/recordings/IMG/left_2017_04_15_15_40_04_815.jpg,/Users/norman/Desktop/recordings/IMG/right_2017_04_15_15_40_04_815.jpg,0.1014706,0,0,4.357308
/Users/norman/Desktop/recordings/IMG/center_2017_04_15_15_40_04_893.jpg,/Users/norman/Desktop/recordings/IMG/left_2017_04_15_15_40_04_893.jpg,/Users/norman/Desktop/recordings/IMG/right_2017_04_15_15_40_04_893.jpg,0.1014706,0,0,4.323082
/Users/norman/Desktop/recordings/IMG/center_2017_04_15_15_40_04_961.jpg,/Users/norman/Desktop/recordings/IMG/left_2017_04_15_15_40_04_961.jpg,/Users/norman/Desktop/recordings/IMG/right_2017_04_15_15_40_04_961.jpg,0.1014706,0,0,4.297616
/Users/norman/Desktop/recordings/IMG/center_2017_04_15_15_40_05_030.jpg,/Users/norman/Desktop/recordings/IMG/left_2017_04_15_15_40_05_030.jpg,/Users/norman/Desktop/recordings/IMG/right_2017_04_15_15_40_05_030.jpg,0.1014706,0,0,4.263928
/Users/norman/Desktop/recordings/IMG/center_2017_04_15_15_40_05_103.jpg,/Users/norman/Desktop/recordings/IMG/left_2017_04_15_15_40_05_103.jpg,/Users/norman/Desktop/recordings/IMG/right_2017_04_15_15_40_05_103.jpg,0.09988511,0,0,4.238877
/Users/norman/Desktop/recordings/IMG/center_2017_04_15_15_40_05_175.jpg,/Users/norman/Desktop/recordings/IMG/left_2017_04_15_15_40_05_175.jpg,/Users/norman/Desktop/recordings/IMG/right_2017_04_15_15_40_05_175.jpg,0.08913144,0,0,4.205798
/Users/norman/Desktop/recordings/IMG/center_2017_04_15_15_40_05_244.jpg,/Users/norman/Desktop/recordings/IMG/left_2017_04_15_15_40_05_244.jpg,/Users/norman/Desktop/recordings/IMG/right_2017_04_15_15_40_05_244.jpg,0.07805607,0,0,4.181189
/Users/norman/Desktop/recordings/IMG/center_2017_04_15_15_40_05_314.jpg,/Users/norman/Desktop/recordings/IMG/left_2017_04_15_15_40_05_314.jpg,/Users/norman/Desktop/recordings/IMG/right_2017_04_15_15_40_05_314.jpg,0.05944393,0,0,4.148561
/Users/norman/Desktop/recordings/IMG/center_2017_04_15_15_40_05_382.jpg,/Users/norman/Desktop/recordings/IMG/left_2017_04_15_15_40_05_382.jpg,/Users/norman/Desktop/recordings/IMG/right_2017_04_15_15_40_05_382.jpg,0.04524356,0,0,4.124183
/Users/norman/Desktop/recordings/IMG/center_2017_04_15_15_40_05_454.jpg,/Users/norman/Desktop/recordings/IMG/left_2017_04_15_15_40_05_454.jpg,/Users/norman/Desktop/recordings/IMG/right_2017_04_15_15_40_05_454.jpg,0.04267003,0,0,4.092687
/Users/norman/Desktop/recordings/IMG/center_2017_04_15_15_40_05_529.jpg,/Users/norman/Desktop/recordings/IMG/left_2017_04_15_15_40_05_529.jpg,/Users/norman/Desktop/recordings/IMG/right_2017_04_15_15_40_05_529.jpg,0.03901654,0,0,4.069484
/Users/norman/Desktop/recordings/IMG/center_2017_04_15_15_40_05_601.jpg,/Users/norman/Desktop/recordings/IMG/left_2017_04_15_15_40_05_601.jpg,/Users/norman/Desktop/recordings/IMG/right_2017_04_15_15_40_05_601.jpg,0.03851103,0,0,4.038755
/Users/norman/Desktop/recordings/IMG/center_2017_04_15_15_40_05_671.jpg,/Users/norman/Desktop/recordings/IMG/left_2017_04_15_15_40_05_671.jpg,/Users/norman/Desktop/recordings/IMG/right_2017_04_15_15_40_05_671.jpg,0.03851103,0,0,4.008277
/Users/norman/Desktop/recordings/IMG/center_2017_04_15_15_40_05_748.jpg,/Users/norman/Desktop/recordings/IMG/left_2017_04_15_15_40_05_748.jpg,/Users/norman/Desktop/recordings/IMG/right_2017_04_15_15_40_05_748.jpg,0.03851103,0,0,3.985585
/Users/norman/Desktop/recordings/IMG/center_2017_04_15_15_40_05_815.jpg,/Users/norman/Desktop/recordings/IMG/left_2017_04_15_15_40_05_815.jpg,/Users/norman/Desktop/recordings/IMG/right_2017_04_15_15_40_05_815.jpg,0.03851103,0,0,3.95555
/Users/norman/Desktop/recordings/IMG/center_2017_04_15_15_40_05_883.jpg,/Users/norman/Desktop/recordings/IMG/left_2017_04_15_15_40_05_883.jpg,/Users/norman/Desktop/recordings/IMG/right_2017_04_15_15_40_05_883.jpg,0.03851103,0,0,3.933188
/Users/norman/Desktop/recordings/IMG/center_2017_04_15_15_40_05_950.jpg,/Users/norman/Desktop/recordings/IMG/left_2017_04_15_15_40_05_950.jpg,/Users/norman/Desktop/recordings/IMG/right_2017_04_15_15_40_05_950.jpg,0.03851103,0,0,3.903591
/Users/norman/Desktop/recordings/IMG/center_2017_04_15_15_40_06_018.jpg,/Users/norman/Desktop/recordings/IMG/left_2017_04_15_15_40_06_018.jpg,/Users/norman/Desktop/recordings/IMG/right_2017_04_15_15_40_06_018.jpg,0.03697151,0,0,3.881556
/Users/norman/Desktop/recordings/IMG/center_2017_04_15_15_40_06_086.jpg,/Users/norman/Desktop/recordings/IMG/left_2017_04_15_15_40_06_086.jpg,/Users/norman/Desktop/recordings/IMG/right_2017_04_15_15_40_06_086.jpg,0.03646599,0,0,3.859657
/Users/norman/Desktop/recordings/IMG/center_2017_04_15_15_40_06_160.jpg,/Users/norman/Desktop/recordings/IMG/left_2017_04_15_15_40_06_160.jpg,/Users/norman/Desktop/recordings/IMG/right_2017_04_15_15_40_06_160.jpg,0.03444393,0,0,3.830668
/Users/norman/Desktop/recordings/IMG/center_2017_04_15_15_40_06_231.jpg,/Users/norman/Desktop/recordings/IMG/left_2017_04_15_15_40_06_231.jpg,/Users/norman/Desktop/recordings/IMG/right_2017_04_15_15_40_06_231.jpg,0.03444393,0,0,3.801913
/Users/norman/Desktop/recordings/IMG/center_2017_04_15_15_40_06_300.jpg,/Users/norman/Desktop/recordings/IMG/left_2017_04_15_15_40_06_300.jpg,/Users/norman/Desktop/recordings/IMG/right_2017_04_15_15_40_06_300.jpg,0.03444393,0,0,3.780504
/Users/norman/Desktop/recordings/IMG/center_2017_04_15_15_40_06_366.jpg,/Users/norman/Desktop/recordings/IMG/left_2017_04_15_15_40_06_366.jpg,/Users/norman/Desktop/recordings/IMG/right_2017_04_15_15_40_06_366.jpg,0.03444393,0.0190621,0,3.763051
/Users/norman/Desktop/recordings/IMG/center_2017_04_15_15_40_06_435.jpg,/Users/norman/Desktop/recordings/IMG/left_2017_04_15_15_40_06_435.jpg,/Users/norman/Desktop/recordings/IMG/right_2017_04_15_15_40_06_435.jpg,0.03391544,0.269592,0,3.900804
/Users/norman/Desktop/recordings/IMG/center_2017_04_15_15_40_06_506.jpg,/Users/norman/Desktop/recordings/IMG/left_2017_04_15_15_40_06_506.jpg,/Users/norman/Desktop/recordings/IMG/right_2017_04_15_15_40_06_506.jpg,0.0323989,0.449196,0,4.156884
/Users/norman/Desktop/recordings/IMG/center_2017_04_15_15_40_06_576.jpg,/Users/norman/Desktop/recordings/IMG/left_2017_04_15_15_40_06_576.jpg,/Users/norman/Desktop/recordings/IMG/right_2017_04_15_15_40_06_576.jpg,0.02566636,0.69249,0,4.691591
/Users/norman/Desktop/recordings/IMG/center_2017_04_15_15_40_06_646.jpg,/Users/norman/Desktop/recordings/IMG/left_2017_04_15_15_40_06_646.jpg,/Users/norman/Desktop/recordings/IMG/right_2017_04_15_15_40_06_646.jpg,0.02311581,0.8756461,0,5.249506
/Users/norman/Desktop/recordings/IMG/center_2017_04_15_15_40_06_725.jpg,/Users/norman/Desktop/recordings/IMG/left_2017_04_15_15_40_06_725.jpg,/Users/norman/Desktop/recordings/IMG/right_2017_04_15_15_40_06_725.jpg,0.02159926,1,0,6.146405
/Users/norman/Desktop/recordings/IMG/center_2017_04_15_15_40_06_795.jpg,/Users/norman/Desktop/recordings/IMG/left_2017_04_15_15_40_06_795.jpg,/Users/norman/Desktop/recordings/IMG/right_2017_04_15_15_40_06_795.jpg,0.02109375,0.8814639,0,7.031012
/Users/norman/Desktop/recordings/IMG/center_2017_04_15_15_40_06_865.jpg,/Users/norman/Desktop/recordings/IMG/left_2017_04_15_15_40_06_865.jpg,/Users/norman/Desktop/recordings/IMG/right_2017_04_15_15_40_06_865.jpg,0.02109375,0.699976,0,7.55799
/Users/norman/Desktop/recordings/IMG/center_2017_04_15_15_40_06_940.jpg,/Users/norman/Desktop/recordings/IMG/left_2017_04_15_15_40_06_940.jpg,/Users/norman/Desktop/recordings/IMG/right_2017_04_15_15_40_06_940.jpg,0.01852022,0.4476309,0,8.046912
/Users/norman/Desktop/recordings/IMG/center_2017_04_15_15_40_07_007.jpg,/Users/norman/Desktop/recordings/IMG/left_2017_04_15_15_40_07_007.jpg,/Users/norman/Desktop/recordings/IMG/right_2017_04_15_15_40_07_007.jpg,0.0138557,0.246865,0,8.261209
/Users/norman/Desktop/recordings/IMG/center_2017_04_15_15_40_07_077.jpg,/Users/norman/Desktop/recordings/IMG/left_2017_04_15_15_40_07_077.jpg,/Users/norman/Desktop/recordings/IMG/right_2017_04_15_15_40_07_077.jpg,0.01335018,0.05106091,0,8.34642
/Users/norman/Desktop/recordings/IMG/center_2017_04_15_15_40_07_145.jpg,/Users/norman/Desktop/recordings/IMG/left_2017_04_15_15_40_07_145.jpg,/Users/norman/Desktop/recordings/IMG/right_2017_04_15_15_40_07_145.jpg,0.01335018,0,0,8.301366
/Users/norman/Desktop/recordings/IMG/center_2017_04_15_15_40_07_223.jpg,/Users/norman/Desktop/recordings/IMG/left_2017_04_15_15_40_07_223.jpg,/Users/norman/Desktop/recordings/IMG/right_2017_04_15_15_40_07_223.jpg,0.01335018,0,0,8.23591
/Users/norman/Desktop/recordings/IMG/center_2017_04_15_15_40_07_292.jpg,/Users/norman/Desktop/recordings/IMG/left_2017_04_15_15_40_07_292.jpg,/Users/norman/Desktop/recordings/IMG/right_2017_04_15_15_40_07_292.jpg,0.01335018,0,0,8.170996
/Users/norman/Desktop/recordings/IMG/center_2017_04_15_15_40_07_361.jpg,/Users/norman/Desktop/recordings/IMG/left_2017_04_15_15_40_07_361.jpg,/Users/norman/Desktop/recordings/IMG/right_2017_04_15_15_40_07_361.jpg,0.009489889,0,0,8.122663
/Users/norman/Desktop/recordings/IMG/center_2017_04_15_15_40_07_439.jpg,/Users/norman/Desktop/recordings/IMG/left_2017_04_15_15_40_07_439.jpg,/Users/norman/Desktop/recordings/IMG/right_2017_04_15_15_40_07_439.jpg,-0.02741268,0,0,8.058304
/Users/norman/Desktop/recordings/IMG/center_2017_04_15_15_40_07_515.jpg,/Users/norman/Desktop/recordings/IMG/left_2017_04_15_15_40_07_515.jpg,/Users/norman/Desktop/recordings/IMG/right_2017_04_15_15_40_07_515.jpg,-0.04956342,0,0,7.994307
/Users/norman/Desktop/recordings/IMG/center_2017_04_15_15_40_07_588.jpg,/Users/norman/Desktop/recordings/IMG/left_2017_04_15_15_40_07_588.jpg,/Users/norman/Desktop/recordings/IMG/right_2017_04_15_15_40_07_588.jpg,-0.07876838,0,0,7.946146
/Users/norman/Desktop/recordings/IMG/center_2017_04_15_15_40_07_658.jpg,/Users/norman/Desktop/recordings/IMG/left_2017_04_15_15_40_07_658.jpg,/Users/norman/Desktop/recordings/IMG/right_2017_04_15_15_40_07_658.jpg,-0.08844209,0,0,7.882579
/Users/norman/Desktop/recordings/IMG/center_2017_04_15_15_40_07_728.jpg,/Users/norman/Desktop/recordings/IMG/left_2017_04_15_15_40_07_728.jpg,/Users/norman/Desktop/recordings/IMG/right_2017_04_15_15_40_07_728.jpg,-0.09152114,0,0,7.835647
/Users/norman/Desktop/recordings/IMG/center_2017_04_15_15_40_07_806.jpg,/Users/norman/Desktop/recordings/IMG/left_2017_04_15_15_40_07_806.jpg,/Users/norman/Desktop/recordings/IMG/right_2017_04_15_15_40_07_806.jpg,-0.1038603,0,0,7.773434
/Users/norman/Desktop/recordings/IMG/center_2017_04_15_15_40_07_880.jpg,/Users/norman/Desktop/recordings/IMG/left_2017_04_15_15_40_07_880.jpg,/Users/norman/Desktop/recordings/IMG/right_2017_04_15_15_40_07_880.jpg,-0.1074219,0,0,7.711858
/Users/norman/Desktop/recordings/IMG/center_2017_04_15_15_40_07_967.jpg,/Users/norman/Desktop/recordings/IMG/left_2017_04_15_15_40_07_967.jpg,/Users/norman/Desktop/recordings/IMG/right_2017_04_15_15_40_07_967.jpg,-0.1074219,0,0,7.650299
/Users/norman/Desktop/recordings/IMG/center_2017_04_15_15_40_08_039.jpg,/Users/norman/Desktop/recordings/IMG/left_2017_04_15_15_40_08_039.jpg,/Users/norman/Desktop/recordings/IMG/right_2017_04_15_15_40_08_039.jpg,-0.1079274,0,0,7.588821
/Users/norman/Desktop/recordings/IMG/center_2017_04_15_15_40_08_106.jpg,/Users/norman/Desktop/recordings/IMG/left_2017_04_15_15_40_08_106.jpg,/Users/norman/Desktop/recordings/IMG/right_2017_04_15_15_40_08_106.jpg,-0.1142923,0,0,7.542923
/Users/norman/Desktop/recordings/IMG/center_2017_04_15_15_40_08_172.jpg,/Users/norman/Desktop/recordings/IMG/left_2017_04_15_15_40_08_172.jpg,/Users/norman/Desktop/recordings/IMG/right_2017_04_15_15_40_08_172.jpg,-0.1262408,0,0,7.481839
/Users/norman/Desktop/recordings/IMG/center_2017_04_15_15_40_08_243.jpg,/Users/norman/Desktop/recordings/IMG/left_2017_04_15_15_40_08_243.jpg,/Users/norman/Desktop/recordings/IMG/right_2017_04_15_15_40_08_243.jpg,-0.145795,0,0,7.435897
/Users/norman/Desktop/recordings/IMG/center_2017_04_15_15_40_08_325.jpg,/Users/norman/Desktop/recordings/IMG/left_2017_04_15_15_40_08_325.jpg,/Users/norman/Desktop/recordings/IMG/right_2017_04_15_15_40_08_325.jpg,-0.1934513,0,0,7.373646
/Users/norman/Desktop/recordings/IMG/center_2017_04_15_15_40_08_394.jpg,/Users/norman/Desktop/recordings/IMG/left_2017_04_15_15_40_08_394.jpg,/Users/norman/Desktop/recordings/IMG/right_2017_04_15_15_40_08_394.jpg,-0.1965074,0,0,7.312799
/Users/norman/Desktop/recordings/IMG/center_2017_04_15_15_40_08_470.jpg,/Users/norman/Desktop/recordings/IMG/left_2017_04_15_15_40_08_470.jpg,/Users/norman/Desktop/recordings/IMG/right_2017_04_15_15_40_08_470.jpg,-0.1970129,0,0,7.253511
/Users/norman/Desktop/recordings/IMG/center_2017_04_15_15_40_08_542.jpg,/Users/norman/Desktop/recordings/IMG/left_2017_04_15_15_40_08_542.jpg,/Users/norman/Desktop/recordings/IMG/right_2017_04_15_15_40_08_542.jpg,-0.1970129,0,0,7.209612
/Users/norman/Desktop/recordings/IMG/center_2017_04_15_15_40_08_610.jpg,/Users/norman/Desktop/recordings/IMG/left_2017_04_15_15_40_08_610.jpg,/Users/norman/Desktop/recordings/IMG/right_2017_04_15_15_40_08_610.jpg,-0.1970129,0,0,7.151588
/Users/norman/Desktop/recordings/IMG/center_2017_04_15_15_40_08_681.jpg,/Users/norman/Desktop/recordings/IMG/left_2017_04_15_15_40_08_681.jpg,/Users/norman/Desktop/recordings/IMG/right_2017_04_15_15_40_08_681.jpg,-0.1970129,0,0,7.108404
/Users/norman/Desktop/recordings/IMG/center_2017_04_15_15_40_08_761.jpg,/Users/norman/Desktop/recordings/IMG/left_2017_04_15_15_40_08_761.jpg,/Users/norman/Desktop/recordings/IMG/right_2017_04_15_15_40_08_761.jpg,-0.1970129,0,0,7.051243
/Users/norman/Desktop/recordings/IMG/center_2017_04_15_15_40_08_830.jpg,/Users/norman/Desktop/recordings/IMG/left_2017_04_15_15_40_08_830.jpg,/Users/norman/Desktop/recordings/IMG/right_2017_04_15_15_40_08_830.jpg,-0.1970129,0,0,6.994545
/Users/norman/Desktop/recordings/IMG/center_2017_04_15_15_40_08_905.jpg,/Users/norman/Desktop/recordings/IMG/left_2017_04_15_15_40_08_905.jpg,/Users/norman/Desktop/recordings/IMG/right_2017_04_15_15_40_08_905.jpg,-0.1970129,0,0,6.952322
/Users/norman/Desktop/recordings/IMG/center_2017_04_15_15_40_08_973.jpg,/Users/norman/Desktop/recordings/IMG/left_2017_04_15_15_40_08_973.jpg,/Users/norman/Desktop/recordings/IMG/right_2017_04_15_15_40_08_973.jpg,-0.1970129,0,0,6.896422
/Users/norman/Desktop/recordings/IMG/center_2017_04_15_15_40_09_042.jpg,/Users/norman/Desktop/recordings/IMG/left_2017_04_15_15_40_09_042.jpg,/Users/norman/Desktop/recordings/IMG/right_2017_04_15_15_40_09_042.jpg,-0.1949678,0,0,6.854831
/Users/norman/Desktop/recordings/IMG/center_2017_04_15_15_40_09_111.jpg,/Users/norman/Desktop/recordings/IMG/left_2017_04_15_15_40_09_111.jpg,/Users/norman/Desktop/recordings/IMG/right_2017_04_15_15_40_09_111.jpg,-0.1934742,0,0,6.799853
/Users/norman/Desktop/recordings/IMG/center_2017_04_15_15_40_09_178.jpg,/Users/norman/Desktop/recordings/IMG/left_2017_04_15_15_40_09_178.jpg,/Users/norman/Desktop/recordings/IMG/right_2017_04_15_15_40_09_178.jpg,-0.1934742,0,0,6.758841
/Users/norman/Desktop/recordings/IMG/center_2017_04_15_15_40_09_248.jpg,/Users/norman/Desktop/recordings/IMG/left_2017_04_15_15_40_09_248.jpg,/Users/norman/Desktop/recordings/IMG/right_2017_04_15_15_40_09_248.jpg,-0.1934742,0,0,6.718058
/Users/norman/Desktop/recordings/IMG/center_2017_04_15_15_40_09_329.jpg,/Users/norman/Desktop/recordings/IMG/left_2017_04_15_15_40_09_329.jpg,/Users/norman/Desktop/recordings/IMG/right_2017_04_15_15_40_09_329.jpg,-0.1934742,0,0,6.664053
/Users/norman/Desktop/recordings/IMG/center_2017_04_15_15_40_09_399.jpg,/Users/norman/Desktop/recordings/IMG/left_2017_04_15_15_40_09_399.jpg,/Users/norman/Desktop/recordings/IMG/right_2017_04_15_15_40_09_399.jpg,-0.1934742,0,0,6.610482
/Users/norman/Desktop/recordings/IMG/center_2017_04_15_15_40_09_470.jpg,/Users/norman/Desktop/recordings/IMG/left_2017_04_15_15_40_09_470.jpg,/Users/norman/Desktop/recordings/IMG/right_2017_04_15_15_40_09_470.jpg,-0.1925092,0,0,6.557377
/Users/norman/Desktop/recordings/IMG/center_2017_04_15_15_40_09_545.jpg,/Users/norman/Desktop/recordings/IMG/left_2017_04_15_15_40_09_545.jpg,/Users/norman/Desktop/recordings/IMG/right_2017_04_15_15_40_09_545.jpg,-0.190579,0,0,6.517878
/Users/norman/Desktop/recordings/IMG/center_2017_04_15_15_40_09_613.jpg,/Users/norman/Desktop/recordings/IMG/left_2017_04_15_15_40_09_613.jpg,/Users/norman/Desktop/recordings/IMG/right_2017_04_15_15_40_09_613.jpg,-0.1900965,0,0,6.465549
/Users/norman/Desktop/recordings/IMG/center_2017_04_15_15_40_09_681.jpg,/Users/norman/Desktop/recordings/IMG/left_2017_04_15_15_40_09_681.jpg,/Users/norman/Desktop/recordings/IMG/right_2017_04_15_15_40_09_681.jpg,-0.1900965,0,0,6.426545
/Users/norman/Desktop/recordings/IMG/center_2017_04_15_15_40_09_749.jpg,/Users/norman/Desktop/recordings/IMG/left_2017_04_15_15_40_09_749.jpg,/Users/norman/Desktop/recordings/IMG/right_2017_04_15_15_40_09_749.jpg,-0.1900965,0,0,6.387768
/Users/norman/Desktop/recordings/IMG/center_2017_04_15_15_40_09_825.jpg,/Users/norman/Desktop/recordings/IMG/left_2017_04_15_15_40_09_825.jpg,/Users/norman/Desktop/recordings/IMG/right_2017_04_15_15_40_09_825.jpg,-0.1753447,0,0,6.336709
/Users/norman/Desktop/recordings/IMG/center_2017_04_15_15_40_09_898.jpg,/Users/norman/Desktop/recordings/IMG/left_2017_04_15_15_40_09_898.jpg,/Users/norman/Desktop/recordings/IMG/right_2017_04_15_15_40_09_898.jpg,-0.1649127,0,0,6.286428
/Users/norman/Desktop/recordings/IMG/center_2017_04_15_15_40_09_978.jpg,/Users/norman/Desktop/recordings/IMG/left_2017_04_15_15_40_09_978.jpg,/Users/norman/Desktop/recordings/IMG/right_2017_04_15_15_40_09_978.jpg,-0.1649127,0,0,6.236109
/Users/norman/Desktop/recordings/IMG/center_2017_04_15_15_40_10_049.jpg,/Users/norman/Desktop/recordings/IMG/left_2017_04_15_15_40_10_049.jpg,/Users/norman/Desktop/recordings/IMG/right_2017_04_15_15_40_10_049.jpg,-0.1649127,0,0,6.198527
/Users/norman/Desktop/recordings/IMG/center_2017_04_15_15_40_10_116.jpg,/Users/norman/Desktop/recordings/IMG/left_2017_04_15_15_40_10_116.jpg,/Users/norman/Desktop/recordings/IMG/right_2017_04_15_15_40_10_116.jpg,-0.1649127,0,0,6.14873
/Users/norman/Desktop/recordings/IMG/center_2017_04_15_15_40_10_188.jpg,/Users/norman/Desktop/recordings/IMG/left_2017_04_15_15_40_10_188.jpg,/Users/norman/Desktop/recordings/IMG/right_2017_04_15_15_40_10_188.jpg,-0.1649127,0,0,6.111637
/Users/norman/Desktop/recordings/IMG/center_2017_04_15_15_40_10_268.jpg,/Users/norman/Desktop/recordings/IMG/left_2017_04_15_15_40_10_268.jpg,/Users/norman/Desktop/recordings/IMG/right_2017_04_15_15_40_10_268.jpg,-0.1649127,0,0,6.062464
/Users/norman/Desktop/recordings/IMG/center_2017_04_15_15_40_10_337.jpg,/Users/norman/Desktop/recordings/IMG/left_2017_04_15_15_40_10_337.jpg,/Users/norman/Desktop/recordings/IMG/right_2017_04_15_15_40_10_337.jpg,-0.1649127,0,0,6.013738
/Users/norman/Desktop/recordings/IMG/center_2017_04_15_15_40_10_410.jpg,/Users/norman/Desktop/recordings/IMG/left_2017_04_15_15_40_10_410.jpg,/Users/norman/Desktop/recordings/IMG/right_2017_04_15_15_40_10_410.jpg,-0.1649127,0,0,5.977448
/Users/norman/Desktop/recordings/IMG/center_2017_04_15_15_40_10_486.jpg,/Users/norman/Desktop/recordings/IMG/left_2017_04_15_15_40_10_486.jpg,/Users/norman/Desktop/recordings/IMG/right_2017_04_15_15_40_10_486.jpg,-0.1649127,0,0,5.929406
/Users/norman/Desktop/recordings/IMG/center_2017_04_15_15_40_10_559.jpg,/Users/norman/Desktop/recordings/IMG/left_2017_04_15_15_40_10_559.jpg,/Users/norman/Desktop/recordings/IMG/right_2017_04_15_15_40_10_559.jpg,0,0,0,5.878395
/Users/norman/Desktop/recordings/IMG/center_2017_04_15_15_40_10_641.jpg,/Users/norman/Desktop/recordings/IMG/left_2017_04_15_15_40_10_641.jpg,/Users/norman/Desktop/recordings/IMG/right_2017_04_15_15_40_10_641.jpg,0,0,0,5.830332
/Users/norman/Desktop/recordings/IMG/center_2017_04_15_15_40_10_747.jpg,/Users/norman/Desktop/recordings/IMG/left_2017_04_15_15_40_10_747.jpg,/Users/norman/Desktop/recordings/IMG/right_2017_04_15_15_40_10_747.jpg,0,0,0,5.781776
